"formula","growth","cohort","kind","yr","value"
"current",0.1,2027,"persistent",1,0.0533926290640822
"current",0.1,2027,"persistent",2,0.134693948280327
"current",0.1,2027,"persistent",3,0.255453775164533
"current",0.1,2027,"persistent",4,0.423551198174059
"current",0.1,2027,"persistent",5,0.628764370766614
"current",0.1,2027,"realised",1,0.0539529914529914
"current",0.1,2027,"realised",2,0.0914529914529914
"current",0.1,2027,"realised",3,0.12099358974359
"current",0.1,2027,"realised",4,0.144818376068376
"current",0.1,2027,"realised",5,0.158974358974359
"current",0.1,2027,"realised",6,0.167094017094017
"current",0.1,2027,"realised",7,0.17008547008547
"current",0.1,2027,"realised",8,0.170673076923077
"current",0.1,2030,"persistent",1,0.0347585035852639
"current",0.1,2030,"persistent",2,0.0896938053463047
"current",0.1,2030,"persistent",3,0.175642511774284
"current",0.1,2030,"persistent",4,0.304620091881963
"current",0.1,2030,"persistent",5,0.484175515916308
"current",0.1,2030,"realised",1,0.0365824308062575
"current",0.1,2030,"realised",2,0.0604893702366627
"current",0.1,2030,"realised",3,0.0811472121941436
"current",0.1,2030,"realised",4,0.100080224628961
"current",0.1,2030,"realised",5,0.113317288407541
"base3",0.1,2027,"persistent",1,0.0285921639327864
"base3",0.1,2027,"persistent",2,0.10315394392796
"base3",0.1,2027,"persistent",3,0.266281735552859
"base3",0.1,2027,"persistent",4,0.55324979912998
"base3",0.1,2027,"persistent",5,0.868559511413451
"base3",0.1,2027,"realised",1,0.0284722222222222
"base3",0.1,2027,"realised",2,0.0648504273504274
"base3",0.1,2027,"realised",3,0.107371794871795
"base3",0.1,2027,"realised",4,0.145886752136752
"base3",0.1,2027,"realised",5,0.170299145299145
"base3",0.1,2027,"realised",6,0.175160256410256
"base3",0.1,2027,"realised",7,0.175267094017094
"base3",0.1,2027,"realised",8,0.175267094017094
"base3",0.1,2030,"persistent",1,0.0189313950017185
"base3",0.1,2030,"persistent",2,0.0644886626938437
"base3",0.1,2030,"persistent",3,0.169904894522401
"base3",0.1,2030,"persistent",4,0.383182356768295
"base3",0.1,2030,"persistent",5,0.706926532325231
"base3",0.1,2030,"realised",1,0.0193341355796229
"base3",0.1,2030,"realised",2,0.0398315282791817
"base3",0.1,2030,"realised",3,0.0659446450060168
"base3",0.1,2030,"realised",4,0.0967107902125953
"base3",0.1,2030,"realised",5,0.120377055756117
"base4",0.1,2027,"persistent",1,0.0186390841299497
"base4",0.1,2027,"persistent",2,0.0883987893090449
"base4",0.1,2027,"persistent",3,0.283304166711339
"base4",0.1,2027,"persistent",4,0.663118012155982
"base4",0.1,2027,"persistent",5,0.969254231885971
"base4",0.1,2027,"realised",1,0.0190705128205128
"base4",0.1,2027,"realised",2,0.0521367521367521
"base4",0.1,2027,"realised",3,0.100320512820513
"base4",0.1,2027,"realised",4,0.148985042735043
"base4",0.1,2027,"realised",5,0.170886752136752
"base4",0.1,2027,"realised",6,0.172222222222222
"base4",0.1,2027,"realised",7,0.172222222222222
"base4",0.1,2027,"realised",8,0.172222222222222
"base4",0.1,2030,"persistent",1,0.0126964157217194
"base4",0.1,2030,"persistent",2,0.0527252971121362
"base4",0.1,2030,"persistent",3,0.170852575430661
"base4",0.1,2030,"persistent",4,0.456607147604145
"base4",0.1,2030,"persistent",5,0.857012342560282
"base4",0.1,2030,"realised",1,0.0123144805455275
"base4",0.1,2030,"realised",2,0.0309667067789811
"base4",0.1,2030,"realised",3,0.0588848776574408
"base4",0.1,2030,"realised",4,0.0975130365022062
"base4",0.1,2030,"realised",5,0.125631768953069
"base4_kflat",0.1,2027,"persistent",1,0.0184174688792772
"base4_kflat",0.1,2027,"persistent",2,0.0869687742836819
"base4_kflat",0.1,2027,"persistent",3,0.282649167817621
"base4_kflat",0.1,2027,"persistent",4,0.665262777743628
"base4_kflat",0.1,2027,"persistent",5,0.970824177547287
"base4_kflat",0.1,2027,"realised",1,0.0176816239316239
"base4_kflat",0.1,2027,"realised",2,0.0474893162393162
"base4_kflat",0.1,2027,"realised",3,0.0943910256410256
"base4_kflat",0.1,2027,"realised",4,0.145940170940171
"base4_kflat",0.1,2027,"realised",5,0.168269230769231
"base4_kflat",0.1,2027,"realised",6,0.169284188034188
"base4_kflat",0.1,2027,"realised",7,0.169284188034188
"base4_kflat",0.1,2027,"realised",8,0.169284188034188
"base4_kflat",0.1,2030,"persistent",1,0.0122063769885907
"base4_kflat",0.1,2030,"persistent",2,0.0511671655334929
"base4_kflat",0.1,2030,"persistent",3,0.168225915293061
"base4_kflat",0.1,2030,"persistent",4,0.45464203132296
"base4_kflat",0.1,2030,"persistent",5,0.855855886683488
"base4_kflat",0.1,2030,"realised",1,0.012354592860008
"base4_kflat",0.1,2030,"realised",2,0.0295627757721621
"base4_kflat",0.1,2030,"realised",3,0.0591255515443241
"base4_kflat",0.1,2030,"realised",4,0.0983955074207782
"base4_kflat",0.1,2030,"realised",5,0.128359406337746
"caleb",0.1,2027,"persistent",1,0.0178488116713486
"caleb",0.1,2027,"persistent",2,0.0895546383306799
"caleb",0.1,2027,"persistent",3,0.287293111343829
"caleb",0.1,2027,"persistent",4,0.670612637101599
"caleb",0.1,2027,"persistent",5,0.973877136312629
"caleb",0.1,2027,"realised",1,0.0172542735042735
"caleb",0.1,2027,"realised",2,0.0479700854700855
"caleb",0.1,2027,"realised",3,0.0962606837606838
"caleb",0.1,2027,"realised",4,0.146047008547009
"caleb",0.1,2027,"realised",5,0.167094017094017
"caleb",0.1,2027,"realised",6,0.168536324786325
"caleb",0.1,2027,"realised",7,0.168536324786325
"caleb",0.1,2027,"realised",8,0.168536324786325
"caleb",0.1,2030,"persistent",1,0.0118198924737117
"caleb",0.1,2030,"persistent",2,0.0527959954791157
"caleb",0.1,2030,"persistent",3,0.170329433694292
"caleb",0.1,2030,"persistent",4,0.453632788220018
"caleb",0.1,2030,"persistent",5,0.861095589104318
"caleb",0.1,2030,"realised",1,0.0122342559165664
"caleb",0.1,2030,"realised",2,0.0305655836341757
"caleb",0.1,2030,"realised",3,0.0598475732049739
"caleb",0.1,2030,"realised",4,0.0989971921379864
"caleb",0.1,2030,"realised",5,0.12944243882872
"base4_expsvc",0.1,2027,"persistent",1,0.0186724756399657
"base4_expsvc",0.1,2027,"persistent",2,0.0889742067484316
"base4_expsvc",0.1,2027,"persistent",3,0.285472199197058
"base4_expsvc",0.1,2027,"persistent",4,0.662243419464553
"base4_expsvc",0.1,2027,"persistent",5,0.966810366323418
"base4_expsvc",0.1,2027,"realised",1,0.0185897435897436
"base4_expsvc",0.1,2027,"realised",2,0.049465811965812
"base4_expsvc",0.1,2027,"realised",3,0.0978098290598291
"base4_expsvc",0.1,2027,"realised",4,0.146100427350427
"base4_expsvc",0.1,2027,"realised",5,0.168162393162393
"base4_expsvc",0.1,2027,"realised",6,0.169444444444444
"base4_expsvc",0.1,2027,"realised",7,0.169444444444444
"base4_expsvc",0.1,2027,"realised",8,0.169444444444444
"base4_expsvc",0.1,2030,"persistent",1,0.0124675195672954
"base4_expsvc",0.1,2030,"persistent",2,0.052011555814063
"base4_expsvc",0.1,2030,"persistent",3,0.168698579502869
"base4_expsvc",0.1,2030,"persistent",4,0.448471580085768
"base4_expsvc",0.1,2030,"persistent",5,0.845675580383451
"base4_expsvc",0.1,2030,"realised",1,0.0121941436020858
"base4_expsvc",0.1,2030,"realised",2,0.0313678299237866
"base4_expsvc",0.1,2030,"realised",3,0.0600481347773767
"base4_expsvc",0.1,2030,"realised",4,0.0973926995587645
"base4_expsvc",0.1,2030,"realised",5,0.126754913758524
"current",0.25,2027,"persistent",1,0.0503367140361911
"current",0.25,2027,"persistent",2,0.121628160873187
"current",0.25,2027,"persistent",3,0.218836978011478
"current",0.25,2027,"persistent",4,0.346400702674359
"current",0.25,2027,"persistent",5,0.50070835205865
"current",0.25,2027,"realised",1,0.0506346967559944
"current",0.25,2027,"realised",2,0.0840150446638458
"current",0.25,2027,"realised",3,0.107851433944523
"current",0.25,2027,"realised",4,0.125434884814292
"current",0.25,2027,"realised",5,0.13563704748472
"current",0.25,2027,"realised",6,0.14306535025858
"current",0.25,2027,"realised",7,0.145698166431594
"current",0.25,2027,"realised",8,0.146920545369064
"current",0.25,2030,"persistent",1,0.0243840291871679
"current",0.25,2030,"persistent",2,0.0584387349814475
"current",0.25,2030,"persistent",3,0.106605327849864
"current",0.25,2030,"persistent",4,0.174154716530333
"current",0.25,2030,"persistent",5,0.266943721173681
"current",0.25,2030,"realised",1,0.0236341756919374
"current",0.25,2030,"realised",2,0.0393020457280385
"current",0.25,2030,"realised",3,0.0512876052948255
"current",0.25,2030,"realised",4,0.0606016847172082
"current",0.25,2030,"realised",5,0.0673886883273165
"base3",0.25,2027,"persistent",1,0.0284257127359175
"base3",0.25,2027,"persistent",2,0.0967834519528395
"base3",0.25,2027,"persistent",3,0.235186708957267
"base3",0.25,2027,"persistent",4,0.464808557843611
"base3",0.25,2027,"persistent",5,0.748971785568265
"base3",0.25,2027,"realised",1,0.0295251527973672
"base3",0.25,2027,"realised",2,0.0594734367653973
"base3",0.25,2027,"realised",3,0.0938410907381288
"base3",0.25,2027,"realised",4,0.124400564174894
"base3",0.25,2027,"realised",5,0.146450399623883
"base3",0.25,2027,"realised",6,0.153549600376117
"base3",0.25,2027,"realised",7,0.154913023037141
"base3",0.25,2027,"realised",8,0.154913023037141
"base3",0.25,2030,"persistent",1,0.0135692557354874
"base3",0.25,2030,"persistent",2,0.0421280649089905
"base3",0.25,2030,"persistent",3,0.100329711565536
"base3",0.25,2030,"persistent",4,0.211611521263066
"base3",0.25,2030,"persistent",5,0.404383552136777
"base3",0.25,2030,"realised",1,0.0128760529482551
"base3",0.25,2030,"realised",2,0.0263056558363418
"base3",0.25,2030,"realised",3,0.0408423586040915
"base3",0.25,2030,"realised",4,0.0551865222623345
"base3",0.25,2030,"realised",5,0.069410348977136
"base4",0.25,2027,"persistent",1,0.0185981481580944
"base4",0.25,2027,"persistent",2,0.0820997762636503
"base4",0.25,2027,"persistent",3,0.242807387880285
"base4",0.25,2027,"persistent",4,0.552862698899231
"base4",0.25,2027,"persistent",5,0.889157575224922
"base4",0.25,2027,"realised",1,0.0193700047014575
"base4",0.25,2027,"realised",2,0.0480018805829807
"base4",0.25,2027,"realised",3,0.0866478608368594
"base4",0.25,2027,"realised",4,0.127080394922426
"base4",0.25,2027,"realised",5,0.151386929948284
"base4",0.25,2027,"realised",6,0.156746591443347
"base4",0.25,2027,"realised",7,0.156840620592384
"base4",0.25,2027,"realised",8,0.156840620592384
"base4",0.25,2030,"persistent",1,0.00875589592883985
"base4",0.25,2030,"persistent",2,0.0321415645549906
"base4",0.25,2030,"persistent",3,0.0916501740486559
"base4",0.25,2030,"persistent",4,0.231808137004552
"base4",0.25,2030,"persistent",5,0.505007705304981
"base4",0.25,2030,"realised",1,0.00847172081829121
"base4",0.25,2030,"realised",2,0.0195186522262335
"base4",0.25,2030,"realised",3,0.0342238267148014
"base4",0.25,2030,"realised",4,0.0527075812274368
"base4",0.25,2030,"realised",5,0.07338146811071
"base4_kflat",0.25,2027,"persistent",1,0.0177567319305489
"base4_kflat",0.25,2027,"persistent",2,0.0802814785656996
"base4_kflat",0.25,2027,"persistent",3,0.239695643519831
"base4_kflat",0.25,2027,"persistent",4,0.551167265883545
"base4_kflat",0.25,2027,"persistent",5,0.888316735942408
"base4_kflat",0.25,2027,"realised",1,0.0173483779971791
"base4_kflat",0.25,2027,"realised",2,0.0475317348377997
"base4_kflat",0.25,2027,"realised",3,0.0875411377527033
"base4_kflat",0.25,2027,"realised",4,0.130042313117066
"base4_kflat",0.25,2027,"realised",5,0.155994358251058
"base4_kflat",0.25,2027,"realised",6,0.160601786553832
"base4_kflat",0.25,2027,"realised",7,0.16064880112835
"base4_kflat",0.25,2027,"realised",8,0.16064880112835
"base4_kflat",0.25,2030,"persistent",1,0.0083949349466782
"base4_kflat",0.25,2030,"persistent",2,0.0307692821184166
"base4_kflat",0.25,2030,"persistent",3,0.088945398595444
"base4_kflat",0.25,2030,"persistent",4,0.231078219660106
"base4_kflat",0.25,2030,"persistent",5,0.511331591884887
"base4_kflat",0.25,2030,"realised",1,0.00832731648616125
"base4_kflat",0.25,2030,"realised",2,0.0179302045728039
"base4_kflat",0.25,2030,"realised",3,0.0330926594464501
"base4_kflat",0.25,2030,"realised",4,0.0524428399518652
"base4_kflat",0.25,2030,"realised",5,0.0741756919374248
"caleb",0.25,2027,"persistent",1,0.017614680528234
"caleb",0.25,2027,"persistent",2,0.0840566244926008
"caleb",0.25,2027,"persistent",3,0.247716083719281
"caleb",0.25,2027,"persistent",4,0.558344051951219
"caleb",0.25,2027,"persistent",5,0.897766007186781
"caleb",0.25,2027,"realised",1,0.017771509167842
"caleb",0.25,2027,"realised",2,0.0479078514339445
"caleb",0.25,2027,"realised",3,0.0872120357310766
"caleb",0.25,2027,"realised",4,0.128678890456041
"caleb",0.25,2027,"realised",5,0.154348848142924
"caleb",0.25,2027,"realised",6,0.158439116125999
"caleb",0.25,2027,"realised",7,0.158439116125999
"caleb",0.25,2027,"realised",8,0.158439116125999
"caleb",0.25,2030,"persistent",1,0.00817004552131384
"caleb",0.25,2030,"persistent",2,0.0322779058320639
"caleb",0.25,2030,"persistent",3,0.0920691593970693
"caleb",0.25,2030,"persistent",4,0.23215710888878
"caleb",0.25,2030,"persistent",5,0.508765549269431
"caleb",0.25,2030,"realised",1,0.00791817087845969
"caleb",0.25,2030,"realised",2,0.0191095066185319
"caleb",0.25,2030,"realised",3,0.0344645006016847
"caleb",0.25,2030,"realised",4,0.0534777376654633
"caleb",0.25,2030,"realised",5,0.0736702767749699
"base4_expsvc",0.25,2027,"persistent",1,0.0180754574634622
"base4_expsvc",0.25,2027,"persistent",2,0.0819117169776311
"base4_expsvc",0.25,2027,"persistent",3,0.24503889275611
"base4_expsvc",0.25,2027,"persistent",4,0.554186693592633
"base4_expsvc",0.25,2027,"persistent",5,0.887908199841287
"base4_expsvc",0.25,2027,"realised",1,0.0180535966149506
"base4_expsvc",0.25,2027,"realised",2,0.0470615890926187
"base4_expsvc",0.25,2027,"realised",3,0.0868359191349318
"base4_expsvc",0.25,2027,"realised",4,0.127691584391161
"base4_expsvc",0.25,2027,"realised",5,0.151527973671838
"base4_expsvc",0.25,2027,"realised",6,0.156464503996239
"base4_expsvc",0.25,2027,"realised",7,0.156558533145275
"base4_expsvc",0.25,2027,"realised",8,0.156558533145275
"base4_expsvc",0.25,2030,"persistent",1,0.00861074432235687
"base4_expsvc",0.25,2030,"persistent",2,0.0321003152500633
"base4_expsvc",0.25,2030,"persistent",3,0.091692021915147
"base4_expsvc",0.25,2030,"persistent",4,0.23332864400961
"base4_expsvc",0.25,2030,"persistent",5,0.507385479403224
"base4_expsvc",0.25,2030,"realised",1,0.00844765342960289
"base4_expsvc",0.25,2030,"realised",2,0.0188688327316486
"base4_expsvc",0.25,2030,"realised",3,0.0337424789410349
"base4_expsvc",0.25,2030,"realised",4,0.0526113116726835
"base4_expsvc",0.25,2030,"realised",5,0.0729482551143201
"current",0.3,2027,"persistent",1,0.0496466032732235
"current",0.3,2027,"persistent",2,0.118143027841839
"current",0.3,2027,"persistent",3,0.209253306065271
"current",0.3,2027,"persistent",4,0.324808333049119
"current",0.3,2027,"persistent",5,0.462638423547293
"current",0.3,2027,"realised",1,0.0498869289914066
"current",0.3,2027,"realised",2,0.0784260515603799
"current",0.3,2027,"realised",3,0.0996834011759385
"current",0.3,2027,"realised",4,0.115694255992763
"current",0.3,2027,"realised",5,0.125554047942108
"current",0.3,2027,"realised",6,0.131478968792402
"current",0.3,2027,"realised",7,0.135052012663953
"current",0.3,2027,"realised",8,0.136589778380823
"current",0.3,2030,"persistent",1,0.0216013196689395
"current",0.3,2030,"persistent",2,0.0507778860597657
"current",0.3,2030,"persistent",3,0.0910159408651954
"current",0.3,2030,"persistent",4,0.146320770878658
"current",0.3,2030,"persistent",5,0.22158894408769
"current",0.3,2030,"realised",1,0.0217552533992583
"current",0.3,2030,"realised",2,0.0351668726823239
"current",0.3,2030,"realised",3,0.0453440461475072
"current",0.3,2030,"realised",4,0.0536052740008241
"current",0.3,2030,"realised",5,0.0591882983106716
"base3",0.3,2027,"persistent",1,0.0283093333478885
"base3",0.3,2027,"persistent",2,0.0956424936358826
"base3",0.3,2027,"persistent",3,0.225182206948549
"base3",0.3,2027,"persistent",4,0.433352542454905
"base3",0.3,2027,"persistent",5,0.702848883278381
"base3",0.3,2027,"realised",1,0.0288104929895975
"base3",0.3,2027,"realised",2,0.0598824061510629
"base3",0.3,2027,"realised",3,0.09280868385346
"base3",0.3,2027,"realised",4,0.120985979194934
"base3",0.3,2027,"realised",5,0.141429217548621
"base3",0.3,2027,"realised",6,0.149163274536409
"base3",0.3,2027,"realised",7,0.150927182270466
"base3",0.3,2027,"realised",8,0.151017639077341
"base3",0.3,2030,"persistent",1,0.0118683171336283
"base3",0.3,2030,"persistent",2,0.0362672707201057
"base3",0.3,2030,"persistent",3,0.0845581213820403
"base3",0.3,2030,"persistent",4,0.174658120325369
"base3",0.3,2030,"persistent",5,0.331676105376867
"base3",0.3,2030,"realised",1,0.0112896580140091
"base3",0.3,2030,"realised",2,0.0221260815822002
"base3",0.3,2030,"realised",3,0.0349608570251339
"base3",0.3,2030,"realised",4,0.0471157807993407
"base3",0.3,2030,"realised",5,0.0586526576019778
"base4",0.3,2027,"persistent",1,0.0180161803050544
"base4",0.3,2027,"persistent",2,0.0809015315664836
"base4",0.3,2027,"persistent",3,0.235789336907141
"base4",0.3,2027,"persistent",4,0.525027588932326
"base4",0.3,2027,"persistent",5,0.856878609237592
"base4",0.3,2027,"realised",1,0.0180009045680687
"base4",0.3,2027,"realised",2,0.0469470827679783
"base4",0.3,2027,"realised",3,0.0859791949344188
"base4",0.3,2027,"realised",4,0.123609226594301
"base4",0.3,2027,"realised",5,0.14640434192673
"base4",0.3,2027,"realised",6,0.152826775214835
"base4",0.3,2027,"realised",7,0.15291723202171
"base4",0.3,2027,"realised",8,0.15291723202171
"base4",0.3,2030,"persistent",1,0.00781759732495835
"base4",0.3,2030,"persistent",2,0.0277626934158537
"base4",0.3,2030,"persistent",3,0.0766259305053574
"base4",0.3,2030,"persistent",4,0.188403579070675
"base4",0.3,2030,"persistent",5,0.411576539297006
"base4",0.3,2030,"realised",1,0.00751957148743304
"base4",0.3,2030,"realised",2,0.0166048619695097
"base4",0.3,2030,"realised",3,0.0293984342810054
"base4",0.3,2030,"realised",4,0.0446435929130614
"base4",0.3,2030,"realised",5,0.0624639472599918
"base4_kflat",0.3,2027,"persistent",1,0.0184713964668859
"base4_kflat",0.3,2027,"persistent",2,0.0809885836246534
"base4_kflat",0.3,2027,"persistent",3,0.236230705491078
"base4_kflat",0.3,2027,"persistent",4,0.528246828814528
"base4_kflat",0.3,2027,"persistent",5,0.860768549679543
"base4_kflat",0.3,2027,"realised",1,0.0180461329715061
"base4_kflat",0.3,2027,"realised",2,0.0459972862957938
"base4_kflat",0.3,2027,"realised",3,0.0843057440072366
"base4_kflat",0.3,2027,"realised",4,0.123925825418363
"base4_kflat",0.3,2027,"realised",5,0.149434644957033
"base4_kflat",0.3,2027,"realised",6,0.154635911352329
"base4_kflat",0.3,2027,"realised",7,0.154862053369516
"base4_kflat",0.3,2027,"realised",8,0.154862053369516
"base4_kflat",0.3,2030,"persistent",1,0.00768178655773177
"base4_kflat",0.3,2030,"persistent",2,0.027333707354901
"base4_kflat",0.3,2030,"persistent",3,0.0760094612154038
"base4_kflat",0.3,2030,"persistent",4,0.188698955349259
"base4_kflat",0.3,2030,"persistent",5,0.418543383319811
"base4_kflat",0.3,2030,"realised",1,0.00706633704161516
"base4_kflat",0.3,2030,"realised",2,0.015327564894932
"base4_kflat",0.3,2030,"realised",3,0.0279151215492377
"base4_kflat",0.3,2030,"realised",4,0.0437165224557066
"base4_kflat",0.3,2030,"realised",5,0.0609806345282242
"caleb",0.3,2027,"persistent",1,0.0174441102412314
"caleb",0.3,2027,"persistent",2,0.0822182263566927
"caleb",0.3,2027,"persistent",3,0.23554157485148
"caleb",0.3,2027,"persistent",4,0.523576915721794
"caleb",0.3,2027,"persistent",5,0.863060356378354
"caleb",0.3,2027,"realised",1,0.0169154228855721
"caleb",0.3,2027,"realised",2,0.0454545454545455
"caleb",0.3,2027,"realised",3,0.0846223428312981
"caleb",0.3,2027,"realised",4,0.123383084577114
"caleb",0.3,2027,"realised",5,0.146811397557666
"caleb",0.3,2027,"realised",6,0.153098145635459
"caleb",0.3,2027,"realised",7,0.153233830845771
"caleb",0.3,2027,"realised",8,0.153233830845771
"caleb",0.3,2030,"persistent",1,0.00725851427249646
"caleb",0.3,2030,"persistent",2,0.0278300465930872
"caleb",0.3,2030,"persistent",3,0.0764402253422324
"caleb",0.3,2030,"persistent",4,0.187291459567849
"caleb",0.3,2030,"persistent",5,0.417909971444954
"caleb",0.3,2030,"realised",1,0.00690152451586321
"caleb",0.3,2030,"realised",2,0.0157395962093119
"caleb",0.3,2030,"realised",3,0.0279769262463947
"caleb",0.3,2030,"realised",4,0.0432426864441698
"caleb",0.3,2030,"realised",5,0.0604243922538113
"base4_expsvc",0.3,2027,"persistent",1,0.0183638809882544
"base4_expsvc",0.3,2027,"persistent",2,0.0814886607266014
"base4_expsvc",0.3,2027,"persistent",3,0.234872208404365
"base4_expsvc",0.3,2027,"persistent",4,0.524399729937311
"base4_expsvc",0.3,2027,"persistent",5,0.852089871368369
"base4_expsvc",0.3,2027,"realised",1,0.0173224785165084
"base4_expsvc",0.3,2027,"realised",2,0.0450927182270466
"base4_expsvc",0.3,2027,"realised",3,0.0836273179556762
"base4_expsvc",0.3,2027,"realised",4,0.121664405246495
"base4_expsvc",0.3,2027,"realised",5,0.146132971506106
"base4_expsvc",0.3,2027,"realised",6,0.151560379918589
"base4_expsvc",0.3,2027,"realised",7,0.151696065128901
"base4_expsvc",0.3,2027,"realised",8,0.151696065128901
"base4_expsvc",0.3,2030,"persistent",1,0.0078214326958459
"base4_expsvc",0.3,2030,"persistent",2,0.0277455197385504
"base4_expsvc",0.3,2030,"persistent",3,0.0768310838855381
"base4_expsvc",0.3,2030,"persistent",4,0.190018977722193
"base4_expsvc",0.3,2030,"persistent",5,0.419593686572753
"base4_expsvc",0.3,2030,"realised",1,0.00735475896168109
"base4_expsvc",0.3,2030,"realised",2,0.0159044087350639
"base4_expsvc",0.3,2030,"realised",3,0.0280593325092707
"base4_expsvc",0.3,2030,"realised",4,0.0430160692212608
"base4_expsvc",0.3,2030,"realised",5,0.0604655953852493
